<?xml version="1.0" encoding="UTF-8"?>
<!--  This file conforms to the DTD xdc/bld/build.dtd -->
<package name="iar.targets.arm.rts" version="1, 0, 0" producerId="undefined">
    <units>
        <module name="Settings"/>
        <module name="VectorTable"/>
    </units>
    <sources>
        <srcFile name="package.bld"/>
        <srcFile name="linkcmd.xdt"/>
        <srcFile name="package/package_iar.targets.arm.rts.c"/>
        <srcFile name="xdc/runtime/Assert.c"/>
        <srcFile name="xdc/runtime/Core-mem.c"/>
        <srcFile name="xdc/runtime/Core-smem.c"/>
        <srcFile name="xdc/runtime/Core-label.c"/>
        <srcFile name="xdc/runtime/Core-params.c"/>
        <srcFile name="xdc/runtime/Diags.c"/>
        <srcFile name="xdc/runtime/Error.c"/>
        <srcFile name="xdc/runtime/Gate.c"/>
        <srcFile name="xdc/runtime/GateNull.c"/>
        <srcFile name="xdc/runtime/HeapMin.c"/>
        <srcFile name="xdc/runtime/HeapStd.c"/>
        <srcFile name="xdc/runtime/Log.c"/>
        <srcFile name="xdc/runtime/LoggerBuf.c"/>
        <srcFile name="xdc/runtime/LoggerCallback.c"/>
        <srcFile name="xdc/runtime/LoggerSys.c"/>
        <srcFile name="xdc/runtime/Memory.c"/>
        <srcFile name="xdc/runtime/Registry.c"/>
        <srcFile name="xdc/runtime/Rta.c"/>
        <srcFile name="xdc/runtime/Startup.c"/>
        <srcFile name="xdc/runtime/System.c"/>
        <srcFile name="xdc/runtime/SysCallback.c"/>
        <srcFile name="xdc/runtime/SysMin.c"/>
        <srcFile name="xdc/runtime/SysStd.c"/>
        <srcFile name="xdc/runtime/Text.c"/>
        <srcFile name="xdc/runtime/Timestamp.c"/>
        <srcFile name="xdc/runtime/TimestampNull.c"/>
        <srcFile name="xdc/runtime/TimestampStd.c"/>
        <srcFile name="xdc/runtime/xdc_init.cpp"/>
        <srcFile name="xdc/runtime/knl/Cache.c"/>
        <srcFile name="xdc/runtime/knl/GateThread.c"/>
        <srcFile name="xdc/runtime/knl/Semaphore.c"/>
        <srcFile name="xdc/runtime/knl/SyncNull.c"/>
        <srcFile name="xdc/runtime/knl/GateH.c"/>
        <srcFile name="xdc/runtime/knl/SemProcess.c"/>
        <srcFile name="xdc/runtime/knl/Sync.c"/>
        <srcFile name="xdc/runtime/knl/SyncSemThread.c"/>
        <srcFile name="xdc/runtime/knl/GateProcess.c"/>
        <srcFile name="xdc/runtime/knl/SemThread.c"/>
        <srcFile name="xdc/runtime/knl/SyncGeneric.c"/>
        <srcFile name="xdc/runtime/knl/Thread.c"/>
        <srcFile name="xdc/runtime/knl/CacheSupportNull.c"/>
        <srcFile name="xdc/runtime/knl/GateThreadSupportNull.c"/>
        <srcFile name="xdc/runtime/knl/GateProcessSupportNull.c"/>
        <srcFile name="cstartup_M.c"/>
        <srcFile name="iar_xdc_init.c"/>
        <srcFile name="cmain.s"/>
        <srcFile name="boot.s"/>
        <srcFile name="VectorTable.c"/>
    </sources>
    <configscripts>
    </configscripts>
    <makefiles>
        <srcFile name="package.mak" src="package.bld"/>
        <srcFile name="package/package.xdc.dep" src="package.xdc"/>
        <srcFile name="package/package.cfg.dep" src="package.xdc"/>
        <srcFile name="lib/debug/iar.targets.arm.rts.arm3.mak" src="package.bld"/>
        <srcFile name="package/lib/lib/debug/iar.targets.arm.rts/package/package_iar.targets.arm.rts.orm3.dep" src="package/package_iar.targets.arm.rts.c"/>
        <srcFile name="package/lib/lib/debug/iar.targets.arm.rts/xdc/runtime/Assert.orm3.dep" src="xdc/runtime/Assert.c"/>
        <srcFile name="package/lib/lib/debug/iar.targets.arm.rts/xdc/runtime/Core-mem.orm3.dep" src="xdc/runtime/Core-mem.c"/>
        <srcFile name="package/lib/lib/debug/iar.targets.arm.rts/xdc/runtime/Core-smem.orm3.dep" src="xdc/runtime/Core-smem.c"/>
        <srcFile name="package/lib/lib/debug/iar.targets.arm.rts/xdc/runtime/Core-label.orm3.dep" src="xdc/runtime/Core-label.c"/>
        <srcFile name="package/lib/lib/debug/iar.targets.arm.rts/xdc/runtime/Core-params.orm3.dep" src="xdc/runtime/Core-params.c"/>
        <srcFile name="package/lib/lib/debug/iar.targets.arm.rts/xdc/runtime/Diags.orm3.dep" src="xdc/runtime/Diags.c"/>
        <srcFile name="package/lib/lib/debug/iar.targets.arm.rts/xdc/runtime/Error.orm3.dep" src="xdc/runtime/Error.c"/>
        <srcFile name="package/lib/lib/debug/iar.targets.arm.rts/xdc/runtime/Gate.orm3.dep" src="xdc/runtime/Gate.c"/>
        <srcFile name="package/lib/lib/debug/iar.targets.arm.rts/xdc/runtime/GateNull.orm3.dep" src="xdc/runtime/GateNull.c"/>
        <srcFile name="package/lib/lib/debug/iar.targets.arm.rts/xdc/runtime/HeapMin.orm3.dep" src="xdc/runtime/HeapMin.c"/>
        <srcFile name="package/lib/lib/debug/iar.targets.arm.rts/xdc/runtime/HeapStd.orm3.dep" src="xdc/runtime/HeapStd.c"/>
        <srcFile name="package/lib/lib/debug/iar.targets.arm.rts/xdc/runtime/Log.orm3.dep" src="xdc/runtime/Log.c"/>
        <srcFile name="package/lib/lib/debug/iar.targets.arm.rts/xdc/runtime/LoggerBuf.orm3.dep" src="xdc/runtime/LoggerBuf.c"/>
        <srcFile name="package/lib/lib/debug/iar.targets.arm.rts/xdc/runtime/LoggerCallback.orm3.dep" src="xdc/runtime/LoggerCallback.c"/>
        <srcFile name="package/lib/lib/debug/iar.targets.arm.rts/xdc/runtime/LoggerSys.orm3.dep" src="xdc/runtime/LoggerSys.c"/>
        <srcFile name="package/lib/lib/debug/iar.targets.arm.rts/xdc/runtime/Memory.orm3.dep" src="xdc/runtime/Memory.c"/>
        <srcFile name="package/lib/lib/debug/iar.targets.arm.rts/xdc/runtime/Registry.orm3.dep" src="xdc/runtime/Registry.c"/>
        <srcFile name="package/lib/lib/debug/iar.targets.arm.rts/xdc/runtime/Rta.orm3.dep" src="xdc/runtime/Rta.c"/>
        <srcFile name="package/lib/lib/debug/iar.targets.arm.rts/xdc/runtime/Startup.orm3.dep" src="xdc/runtime/Startup.c"/>
        <srcFile name="package/lib/lib/debug/iar.targets.arm.rts/xdc/runtime/System.orm3.dep" src="xdc/runtime/System.c"/>
        <srcFile name="package/lib/lib/debug/iar.targets.arm.rts/xdc/runtime/SysCallback.orm3.dep" src="xdc/runtime/SysCallback.c"/>
        <srcFile name="package/lib/lib/debug/iar.targets.arm.rts/xdc/runtime/SysMin.orm3.dep" src="xdc/runtime/SysMin.c"/>
        <srcFile name="package/lib/lib/debug/iar.targets.arm.rts/xdc/runtime/SysStd.orm3.dep" src="xdc/runtime/SysStd.c"/>
        <srcFile name="package/lib/lib/debug/iar.targets.arm.rts/xdc/runtime/Text.orm3.dep" src="xdc/runtime/Text.c"/>
        <srcFile name="package/lib/lib/debug/iar.targets.arm.rts/xdc/runtime/Timestamp.orm3.dep" src="xdc/runtime/Timestamp.c"/>
        <srcFile name="package/lib/lib/debug/iar.targets.arm.rts/xdc/runtime/TimestampNull.orm3.dep" src="xdc/runtime/TimestampNull.c"/>
        <srcFile name="package/lib/lib/debug/iar.targets.arm.rts/xdc/runtime/TimestampStd.orm3.dep" src="xdc/runtime/TimestampStd.c"/>
        <srcFile name="package/lib/lib/debug/iar.targets.arm.rts/xdc/runtime/xdc_init.orm3.dep" src="xdc/runtime/xdc_init.cpp"/>
        <srcFile name="package/lib/lib/debug/iar.targets.arm.rts/xdc/runtime/knl/Cache.orm3.dep" src="xdc/runtime/knl/Cache.c"/>
        <srcFile name="package/lib/lib/debug/iar.targets.arm.rts/xdc/runtime/knl/GateThread.orm3.dep" src="xdc/runtime/knl/GateThread.c"/>
        <srcFile name="package/lib/lib/debug/iar.targets.arm.rts/xdc/runtime/knl/Semaphore.orm3.dep" src="xdc/runtime/knl/Semaphore.c"/>
        <srcFile name="package/lib/lib/debug/iar.targets.arm.rts/xdc/runtime/knl/SyncNull.orm3.dep" src="xdc/runtime/knl/SyncNull.c"/>
        <srcFile name="package/lib/lib/debug/iar.targets.arm.rts/xdc/runtime/knl/GateH.orm3.dep" src="xdc/runtime/knl/GateH.c"/>
        <srcFile name="package/lib/lib/debug/iar.targets.arm.rts/xdc/runtime/knl/SemProcess.orm3.dep" src="xdc/runtime/knl/SemProcess.c"/>
        <srcFile name="package/lib/lib/debug/iar.targets.arm.rts/xdc/runtime/knl/Sync.orm3.dep" src="xdc/runtime/knl/Sync.c"/>
        <srcFile name="package/lib/lib/debug/iar.targets.arm.rts/xdc/runtime/knl/SyncSemThread.orm3.dep" src="xdc/runtime/knl/SyncSemThread.c"/>
        <srcFile name="package/lib/lib/debug/iar.targets.arm.rts/xdc/runtime/knl/GateProcess.orm3.dep" src="xdc/runtime/knl/GateProcess.c"/>
        <srcFile name="package/lib/lib/debug/iar.targets.arm.rts/xdc/runtime/knl/SemThread.orm3.dep" src="xdc/runtime/knl/SemThread.c"/>
        <srcFile name="package/lib/lib/debug/iar.targets.arm.rts/xdc/runtime/knl/SyncGeneric.orm3.dep" src="xdc/runtime/knl/SyncGeneric.c"/>
        <srcFile name="package/lib/lib/debug/iar.targets.arm.rts/xdc/runtime/knl/Thread.orm3.dep" src="xdc/runtime/knl/Thread.c"/>
        <srcFile name="package/lib/lib/debug/iar.targets.arm.rts/xdc/runtime/knl/CacheSupportNull.orm3.dep" src="xdc/runtime/knl/CacheSupportNull.c"/>
        <srcFile name="package/lib/lib/debug/iar.targets.arm.rts/xdc/runtime/knl/GateThreadSupportNull.orm3.dep" src="xdc/runtime/knl/GateThreadSupportNull.c"/>
        <srcFile name="package/lib/lib/debug/iar.targets.arm.rts/xdc/runtime/knl/GateProcessSupportNull.orm3.dep" src="xdc/runtime/knl/GateProcessSupportNull.c"/>
        <srcFile name="lib/debug/boot.arm3.mak" src="package.bld"/>
        <srcFile name="package/lib/lib/debug/boot/package/package_iar.targets.arm.rts.orm3.dep" src="package/package_iar.targets.arm.rts.c"/>
        <srcFile name="package/lib/lib/debug/boot/cstartup_M.orm3.dep" src="cstartup_M.c"/>
        <srcFile name="package/lib/lib/debug/boot/iar_xdc_init.orm3.dep" src="iar_xdc_init.c"/>
        <srcFile name="package/lib/lib/debug/boot/cmain.orm3.dep" src="cmain.s"/>
        <srcFile name="package/lib/lib/debug/boot/boot.orm3.dep" src="boot.s"/>
        <srcFile name="lib/debug/iar_vectortable.arm3.mak" src="package.bld"/>
        <srcFile name="package/lib/lib/debug/iar_vectortable/package/package_iar.targets.arm.rts.orm3.dep" src="package/package_iar.targets.arm.rts.c"/>
        <srcFile name="package/lib/lib/debug/iar_vectortable/VectorTable.orm3.dep" src="VectorTable.c"/>
        <srcFile name="lib/release/iar.targets.arm.rts.arm3.mak" src="package.bld"/>
        <srcFile name="package/lib/lib/release/iar.targets.arm.rts/package/package_iar.targets.arm.rts.orm3.dep" src="package/package_iar.targets.arm.rts.c"/>
        <srcFile name="package/lib/lib/release/iar.targets.arm.rts/xdc/runtime/Assert.orm3.dep" src="xdc/runtime/Assert.c"/>
        <srcFile name="package/lib/lib/release/iar.targets.arm.rts/xdc/runtime/Core-mem.orm3.dep" src="xdc/runtime/Core-mem.c"/>
        <srcFile name="package/lib/lib/release/iar.targets.arm.rts/xdc/runtime/Core-smem.orm3.dep" src="xdc/runtime/Core-smem.c"/>
        <srcFile name="package/lib/lib/release/iar.targets.arm.rts/xdc/runtime/Core-label.orm3.dep" src="xdc/runtime/Core-label.c"/>
        <srcFile name="package/lib/lib/release/iar.targets.arm.rts/xdc/runtime/Core-params.orm3.dep" src="xdc/runtime/Core-params.c"/>
        <srcFile name="package/lib/lib/release/iar.targets.arm.rts/xdc/runtime/Diags.orm3.dep" src="xdc/runtime/Diags.c"/>
        <srcFile name="package/lib/lib/release/iar.targets.arm.rts/xdc/runtime/Error.orm3.dep" src="xdc/runtime/Error.c"/>
        <srcFile name="package/lib/lib/release/iar.targets.arm.rts/xdc/runtime/Gate.orm3.dep" src="xdc/runtime/Gate.c"/>
        <srcFile name="package/lib/lib/release/iar.targets.arm.rts/xdc/runtime/GateNull.orm3.dep" src="xdc/runtime/GateNull.c"/>
        <srcFile name="package/lib/lib/release/iar.targets.arm.rts/xdc/runtime/HeapMin.orm3.dep" src="xdc/runtime/HeapMin.c"/>
        <srcFile name="package/lib/lib/release/iar.targets.arm.rts/xdc/runtime/HeapStd.orm3.dep" src="xdc/runtime/HeapStd.c"/>
        <srcFile name="package/lib/lib/release/iar.targets.arm.rts/xdc/runtime/Log.orm3.dep" src="xdc/runtime/Log.c"/>
        <srcFile name="package/lib/lib/release/iar.targets.arm.rts/xdc/runtime/LoggerBuf.orm3.dep" src="xdc/runtime/LoggerBuf.c"/>
        <srcFile name="package/lib/lib/release/iar.targets.arm.rts/xdc/runtime/LoggerCallback.orm3.dep" src="xdc/runtime/LoggerCallback.c"/>
        <srcFile name="package/lib/lib/release/iar.targets.arm.rts/xdc/runtime/LoggerSys.orm3.dep" src="xdc/runtime/LoggerSys.c"/>
        <srcFile name="package/lib/lib/release/iar.targets.arm.rts/xdc/runtime/Memory.orm3.dep" src="xdc/runtime/Memory.c"/>
        <srcFile name="package/lib/lib/release/iar.targets.arm.rts/xdc/runtime/Registry.orm3.dep" src="xdc/runtime/Registry.c"/>
        <srcFile name="package/lib/lib/release/iar.targets.arm.rts/xdc/runtime/Rta.orm3.dep" src="xdc/runtime/Rta.c"/>
        <srcFile name="package/lib/lib/release/iar.targets.arm.rts/xdc/runtime/Startup.orm3.dep" src="xdc/runtime/Startup.c"/>
        <srcFile name="package/lib/lib/release/iar.targets.arm.rts/xdc/runtime/System.orm3.dep" src="xdc/runtime/System.c"/>
        <srcFile name="package/lib/lib/release/iar.targets.arm.rts/xdc/runtime/SysCallback.orm3.dep" src="xdc/runtime/SysCallback.c"/>
        <srcFile name="package/lib/lib/release/iar.targets.arm.rts/xdc/runtime/SysMin.orm3.dep" src="xdc/runtime/SysMin.c"/>
        <srcFile name="package/lib/lib/release/iar.targets.arm.rts/xdc/runtime/SysStd.orm3.dep" src="xdc/runtime/SysStd.c"/>
        <srcFile name="package/lib/lib/release/iar.targets.arm.rts/xdc/runtime/Text.orm3.dep" src="xdc/runtime/Text.c"/>
        <srcFile name="package/lib/lib/release/iar.targets.arm.rts/xdc/runtime/Timestamp.orm3.dep" src="xdc/runtime/Timestamp.c"/>
        <srcFile name="package/lib/lib/release/iar.targets.arm.rts/xdc/runtime/TimestampNull.orm3.dep" src="xdc/runtime/TimestampNull.c"/>
        <srcFile name="package/lib/lib/release/iar.targets.arm.rts/xdc/runtime/TimestampStd.orm3.dep" src="xdc/runtime/TimestampStd.c"/>
        <srcFile name="package/lib/lib/release/iar.targets.arm.rts/xdc/runtime/xdc_init.orm3.dep" src="xdc/runtime/xdc_init.cpp"/>
        <srcFile name="package/lib/lib/release/iar.targets.arm.rts/xdc/runtime/knl/Cache.orm3.dep" src="xdc/runtime/knl/Cache.c"/>
        <srcFile name="package/lib/lib/release/iar.targets.arm.rts/xdc/runtime/knl/GateThread.orm3.dep" src="xdc/runtime/knl/GateThread.c"/>
        <srcFile name="package/lib/lib/release/iar.targets.arm.rts/xdc/runtime/knl/Semaphore.orm3.dep" src="xdc/runtime/knl/Semaphore.c"/>
        <srcFile name="package/lib/lib/release/iar.targets.arm.rts/xdc/runtime/knl/SyncNull.orm3.dep" src="xdc/runtime/knl/SyncNull.c"/>
        <srcFile name="package/lib/lib/release/iar.targets.arm.rts/xdc/runtime/knl/GateH.orm3.dep" src="xdc/runtime/knl/GateH.c"/>
        <srcFile name="package/lib/lib/release/iar.targets.arm.rts/xdc/runtime/knl/SemProcess.orm3.dep" src="xdc/runtime/knl/SemProcess.c"/>
        <srcFile name="package/lib/lib/release/iar.targets.arm.rts/xdc/runtime/knl/Sync.orm3.dep" src="xdc/runtime/knl/Sync.c"/>
        <srcFile name="package/lib/lib/release/iar.targets.arm.rts/xdc/runtime/knl/SyncSemThread.orm3.dep" src="xdc/runtime/knl/SyncSemThread.c"/>
        <srcFile name="package/lib/lib/release/iar.targets.arm.rts/xdc/runtime/knl/GateProcess.orm3.dep" src="xdc/runtime/knl/GateProcess.c"/>
        <srcFile name="package/lib/lib/release/iar.targets.arm.rts/xdc/runtime/knl/SemThread.orm3.dep" src="xdc/runtime/knl/SemThread.c"/>
        <srcFile name="package/lib/lib/release/iar.targets.arm.rts/xdc/runtime/knl/SyncGeneric.orm3.dep" src="xdc/runtime/knl/SyncGeneric.c"/>
        <srcFile name="package/lib/lib/release/iar.targets.arm.rts/xdc/runtime/knl/Thread.orm3.dep" src="xdc/runtime/knl/Thread.c"/>
        <srcFile name="package/lib/lib/release/iar.targets.arm.rts/xdc/runtime/knl/CacheSupportNull.orm3.dep" src="xdc/runtime/knl/CacheSupportNull.c"/>
        <srcFile name="package/lib/lib/release/iar.targets.arm.rts/xdc/runtime/knl/GateThreadSupportNull.orm3.dep" src="xdc/runtime/knl/GateThreadSupportNull.c"/>
        <srcFile name="package/lib/lib/release/iar.targets.arm.rts/xdc/runtime/knl/GateProcessSupportNull.orm3.dep" src="xdc/runtime/knl/GateProcessSupportNull.c"/>
        <srcFile name="lib/release/boot.arm3.mak" src="package.bld"/>
        <srcFile name="package/lib/lib/release/boot/package/package_iar.targets.arm.rts.orm3.dep" src="package/package_iar.targets.arm.rts.c"/>
        <srcFile name="package/lib/lib/release/boot/cstartup_M.orm3.dep" src="cstartup_M.c"/>
        <srcFile name="package/lib/lib/release/boot/iar_xdc_init.orm3.dep" src="iar_xdc_init.c"/>
        <srcFile name="package/lib/lib/release/boot/cmain.orm3.dep" src="cmain.s"/>
        <srcFile name="package/lib/lib/release/boot/boot.orm3.dep" src="boot.s"/>
        <srcFile name="lib/release/iar_vectortable.arm3.mak" src="package.bld"/>
        <srcFile name="package/lib/lib/release/iar_vectortable/package/package_iar.targets.arm.rts.orm3.dep" src="package/package_iar.targets.arm.rts.c"/>
        <srcFile name="package/lib/lib/release/iar_vectortable/VectorTable.orm3.dep" src="VectorTable.c"/>
        <srcFile name="lib/debug_full/iar.targets.arm.rts.arm3.mak" src="package.bld"/>
        <srcFile name="package/lib/lib/debug_full/iar.targets.arm.rts/package/package_iar.targets.arm.rts.orm3.dep" src="package/package_iar.targets.arm.rts.c"/>
        <srcFile name="package/lib/lib/debug_full/iar.targets.arm.rts/xdc/runtime/Assert.orm3.dep" src="xdc/runtime/Assert.c"/>
        <srcFile name="package/lib/lib/debug_full/iar.targets.arm.rts/xdc/runtime/Core-mem.orm3.dep" src="xdc/runtime/Core-mem.c"/>
        <srcFile name="package/lib/lib/debug_full/iar.targets.arm.rts/xdc/runtime/Core-smem.orm3.dep" src="xdc/runtime/Core-smem.c"/>
        <srcFile name="package/lib/lib/debug_full/iar.targets.arm.rts/xdc/runtime/Core-label.orm3.dep" src="xdc/runtime/Core-label.c"/>
        <srcFile name="package/lib/lib/debug_full/iar.targets.arm.rts/xdc/runtime/Core-params.orm3.dep" src="xdc/runtime/Core-params.c"/>
        <srcFile name="package/lib/lib/debug_full/iar.targets.arm.rts/xdc/runtime/Diags.orm3.dep" src="xdc/runtime/Diags.c"/>
        <srcFile name="package/lib/lib/debug_full/iar.targets.arm.rts/xdc/runtime/Error.orm3.dep" src="xdc/runtime/Error.c"/>
        <srcFile name="package/lib/lib/debug_full/iar.targets.arm.rts/xdc/runtime/Gate.orm3.dep" src="xdc/runtime/Gate.c"/>
        <srcFile name="package/lib/lib/debug_full/iar.targets.arm.rts/xdc/runtime/GateNull.orm3.dep" src="xdc/runtime/GateNull.c"/>
        <srcFile name="package/lib/lib/debug_full/iar.targets.arm.rts/xdc/runtime/HeapMin.orm3.dep" src="xdc/runtime/HeapMin.c"/>
        <srcFile name="package/lib/lib/debug_full/iar.targets.arm.rts/xdc/runtime/HeapStd.orm3.dep" src="xdc/runtime/HeapStd.c"/>
        <srcFile name="package/lib/lib/debug_full/iar.targets.arm.rts/xdc/runtime/Log.orm3.dep" src="xdc/runtime/Log.c"/>
        <srcFile name="package/lib/lib/debug_full/iar.targets.arm.rts/xdc/runtime/LoggerBuf.orm3.dep" src="xdc/runtime/LoggerBuf.c"/>
        <srcFile name="package/lib/lib/debug_full/iar.targets.arm.rts/xdc/runtime/LoggerCallback.orm3.dep" src="xdc/runtime/LoggerCallback.c"/>
        <srcFile name="package/lib/lib/debug_full/iar.targets.arm.rts/xdc/runtime/LoggerSys.orm3.dep" src="xdc/runtime/LoggerSys.c"/>
        <srcFile name="package/lib/lib/debug_full/iar.targets.arm.rts/xdc/runtime/Memory.orm3.dep" src="xdc/runtime/Memory.c"/>
        <srcFile name="package/lib/lib/debug_full/iar.targets.arm.rts/xdc/runtime/Registry.orm3.dep" src="xdc/runtime/Registry.c"/>
        <srcFile name="package/lib/lib/debug_full/iar.targets.arm.rts/xdc/runtime/Rta.orm3.dep" src="xdc/runtime/Rta.c"/>
        <srcFile name="package/lib/lib/debug_full/iar.targets.arm.rts/xdc/runtime/Startup.orm3.dep" src="xdc/runtime/Startup.c"/>
        <srcFile name="package/lib/lib/debug_full/iar.targets.arm.rts/xdc/runtime/System.orm3.dep" src="xdc/runtime/System.c"/>
        <srcFile name="package/lib/lib/debug_full/iar.targets.arm.rts/xdc/runtime/SysCallback.orm3.dep" src="xdc/runtime/SysCallback.c"/>
        <srcFile name="package/lib/lib/debug_full/iar.targets.arm.rts/xdc/runtime/SysMin.orm3.dep" src="xdc/runtime/SysMin.c"/>
        <srcFile name="package/lib/lib/debug_full/iar.targets.arm.rts/xdc/runtime/SysStd.orm3.dep" src="xdc/runtime/SysStd.c"/>
        <srcFile name="package/lib/lib/debug_full/iar.targets.arm.rts/xdc/runtime/Text.orm3.dep" src="xdc/runtime/Text.c"/>
        <srcFile name="package/lib/lib/debug_full/iar.targets.arm.rts/xdc/runtime/Timestamp.orm3.dep" src="xdc/runtime/Timestamp.c"/>
        <srcFile name="package/lib/lib/debug_full/iar.targets.arm.rts/xdc/runtime/TimestampNull.orm3.dep" src="xdc/runtime/TimestampNull.c"/>
        <srcFile name="package/lib/lib/debug_full/iar.targets.arm.rts/xdc/runtime/TimestampStd.orm3.dep" src="xdc/runtime/TimestampStd.c"/>
        <srcFile name="package/lib/lib/debug_full/iar.targets.arm.rts/xdc/runtime/xdc_init.orm3.dep" src="xdc/runtime/xdc_init.cpp"/>
        <srcFile name="package/lib/lib/debug_full/iar.targets.arm.rts/xdc/runtime/knl/Cache.orm3.dep" src="xdc/runtime/knl/Cache.c"/>
        <srcFile name="package/lib/lib/debug_full/iar.targets.arm.rts/xdc/runtime/knl/GateThread.orm3.dep" src="xdc/runtime/knl/GateThread.c"/>
        <srcFile name="package/lib/lib/debug_full/iar.targets.arm.rts/xdc/runtime/knl/Semaphore.orm3.dep" src="xdc/runtime/knl/Semaphore.c"/>
        <srcFile name="package/lib/lib/debug_full/iar.targets.arm.rts/xdc/runtime/knl/SyncNull.orm3.dep" src="xdc/runtime/knl/SyncNull.c"/>
        <srcFile name="package/lib/lib/debug_full/iar.targets.arm.rts/xdc/runtime/knl/GateH.orm3.dep" src="xdc/runtime/knl/GateH.c"/>
        <srcFile name="package/lib/lib/debug_full/iar.targets.arm.rts/xdc/runtime/knl/SemProcess.orm3.dep" src="xdc/runtime/knl/SemProcess.c"/>
        <srcFile name="package/lib/lib/debug_full/iar.targets.arm.rts/xdc/runtime/knl/Sync.orm3.dep" src="xdc/runtime/knl/Sync.c"/>
        <srcFile name="package/lib/lib/debug_full/iar.targets.arm.rts/xdc/runtime/knl/SyncSemThread.orm3.dep" src="xdc/runtime/knl/SyncSemThread.c"/>
        <srcFile name="package/lib/lib/debug_full/iar.targets.arm.rts/xdc/runtime/knl/GateProcess.orm3.dep" src="xdc/runtime/knl/GateProcess.c"/>
        <srcFile name="package/lib/lib/debug_full/iar.targets.arm.rts/xdc/runtime/knl/SemThread.orm3.dep" src="xdc/runtime/knl/SemThread.c"/>
        <srcFile name="package/lib/lib/debug_full/iar.targets.arm.rts/xdc/runtime/knl/SyncGeneric.orm3.dep" src="xdc/runtime/knl/SyncGeneric.c"/>
        <srcFile name="package/lib/lib/debug_full/iar.targets.arm.rts/xdc/runtime/knl/Thread.orm3.dep" src="xdc/runtime/knl/Thread.c"/>
        <srcFile name="package/lib/lib/debug_full/iar.targets.arm.rts/xdc/runtime/knl/CacheSupportNull.orm3.dep" src="xdc/runtime/knl/CacheSupportNull.c"/>
        <srcFile name="package/lib/lib/debug_full/iar.targets.arm.rts/xdc/runtime/knl/GateThreadSupportNull.orm3.dep" src="xdc/runtime/knl/GateThreadSupportNull.c"/>
        <srcFile name="package/lib/lib/debug_full/iar.targets.arm.rts/xdc/runtime/knl/GateProcessSupportNull.orm3.dep" src="xdc/runtime/knl/GateProcessSupportNull.c"/>
        <srcFile name="lib/debug_full/boot.arm3.mak" src="package.bld"/>
        <srcFile name="package/lib/lib/debug_full/boot/package/package_iar.targets.arm.rts.orm3.dep" src="package/package_iar.targets.arm.rts.c"/>
        <srcFile name="package/lib/lib/debug_full/boot/cstartup_M.orm3.dep" src="cstartup_M.c"/>
        <srcFile name="package/lib/lib/debug_full/boot/iar_xdc_init.orm3.dep" src="iar_xdc_init.c"/>
        <srcFile name="package/lib/lib/debug_full/boot/cmain.orm3.dep" src="cmain.s"/>
        <srcFile name="package/lib/lib/debug_full/boot/boot.orm3.dep" src="boot.s"/>
        <srcFile name="lib/debug_full/iar_vectortable.arm3.mak" src="package.bld"/>
        <srcFile name="package/lib/lib/debug_full/iar_vectortable/package/package_iar.targets.arm.rts.orm3.dep" src="package/package_iar.targets.arm.rts.c"/>
        <srcFile name="package/lib/lib/debug_full/iar_vectortable/VectorTable.orm3.dep" src="VectorTable.c"/>
        <srcFile name="lib/release_full/iar.targets.arm.rts.arm3.mak" src="package.bld"/>
        <srcFile name="package/lib/lib/release_full/iar.targets.arm.rts/package/package_iar.targets.arm.rts.orm3.dep" src="package/package_iar.targets.arm.rts.c"/>
        <srcFile name="package/lib/lib/release_full/iar.targets.arm.rts/xdc/runtime/Assert.orm3.dep" src="xdc/runtime/Assert.c"/>
        <srcFile name="package/lib/lib/release_full/iar.targets.arm.rts/xdc/runtime/Core-mem.orm3.dep" src="xdc/runtime/Core-mem.c"/>
        <srcFile name="package/lib/lib/release_full/iar.targets.arm.rts/xdc/runtime/Core-smem.orm3.dep" src="xdc/runtime/Core-smem.c"/>
        <srcFile name="package/lib/lib/release_full/iar.targets.arm.rts/xdc/runtime/Core-label.orm3.dep" src="xdc/runtime/Core-label.c"/>
        <srcFile name="package/lib/lib/release_full/iar.targets.arm.rts/xdc/runtime/Core-params.orm3.dep" src="xdc/runtime/Core-params.c"/>
        <srcFile name="package/lib/lib/release_full/iar.targets.arm.rts/xdc/runtime/Diags.orm3.dep" src="xdc/runtime/Diags.c"/>
        <srcFile name="package/lib/lib/release_full/iar.targets.arm.rts/xdc/runtime/Error.orm3.dep" src="xdc/runtime/Error.c"/>
        <srcFile name="package/lib/lib/release_full/iar.targets.arm.rts/xdc/runtime/Gate.orm3.dep" src="xdc/runtime/Gate.c"/>
        <srcFile name="package/lib/lib/release_full/iar.targets.arm.rts/xdc/runtime/GateNull.orm3.dep" src="xdc/runtime/GateNull.c"/>
        <srcFile name="package/lib/lib/release_full/iar.targets.arm.rts/xdc/runtime/HeapMin.orm3.dep" src="xdc/runtime/HeapMin.c"/>
        <srcFile name="package/lib/lib/release_full/iar.targets.arm.rts/xdc/runtime/HeapStd.orm3.dep" src="xdc/runtime/HeapStd.c"/>
        <srcFile name="package/lib/lib/release_full/iar.targets.arm.rts/xdc/runtime/Log.orm3.dep" src="xdc/runtime/Log.c"/>
        <srcFile name="package/lib/lib/release_full/iar.targets.arm.rts/xdc/runtime/LoggerBuf.orm3.dep" src="xdc/runtime/LoggerBuf.c"/>
        <srcFile name="package/lib/lib/release_full/iar.targets.arm.rts/xdc/runtime/LoggerCallback.orm3.dep" src="xdc/runtime/LoggerCallback.c"/>
        <srcFile name="package/lib/lib/release_full/iar.targets.arm.rts/xdc/runtime/LoggerSys.orm3.dep" src="xdc/runtime/LoggerSys.c"/>
        <srcFile name="package/lib/lib/release_full/iar.targets.arm.rts/xdc/runtime/Memory.orm3.dep" src="xdc/runtime/Memory.c"/>
        <srcFile name="package/lib/lib/release_full/iar.targets.arm.rts/xdc/runtime/Registry.orm3.dep" src="xdc/runtime/Registry.c"/>
        <srcFile name="package/lib/lib/release_full/iar.targets.arm.rts/xdc/runtime/Rta.orm3.dep" src="xdc/runtime/Rta.c"/>
        <srcFile name="package/lib/lib/release_full/iar.targets.arm.rts/xdc/runtime/Startup.orm3.dep" src="xdc/runtime/Startup.c"/>
        <srcFile name="package/lib/lib/release_full/iar.targets.arm.rts/xdc/runtime/System.orm3.dep" src="xdc/runtime/System.c"/>
        <srcFile name="package/lib/lib/release_full/iar.targets.arm.rts/xdc/runtime/SysCallback.orm3.dep" src="xdc/runtime/SysCallback.c"/>
        <srcFile name="package/lib/lib/release_full/iar.targets.arm.rts/xdc/runtime/SysMin.orm3.dep" src="xdc/runtime/SysMin.c"/>
        <srcFile name="package/lib/lib/release_full/iar.targets.arm.rts/xdc/runtime/SysStd.orm3.dep" src="xdc/runtime/SysStd.c"/>
        <srcFile name="package/lib/lib/release_full/iar.targets.arm.rts/xdc/runtime/Text.orm3.dep" src="xdc/runtime/Text.c"/>
        <srcFile name="package/lib/lib/release_full/iar.targets.arm.rts/xdc/runtime/Timestamp.orm3.dep" src="xdc/runtime/Timestamp.c"/>
        <srcFile name="package/lib/lib/release_full/iar.targets.arm.rts/xdc/runtime/TimestampNull.orm3.dep" src="xdc/runtime/TimestampNull.c"/>
        <srcFile name="package/lib/lib/release_full/iar.targets.arm.rts/xdc/runtime/TimestampStd.orm3.dep" src="xdc/runtime/TimestampStd.c"/>
        <srcFile name="package/lib/lib/release_full/iar.targets.arm.rts/xdc/runtime/xdc_init.orm3.dep" src="xdc/runtime/xdc_init.cpp"/>
        <srcFile name="package/lib/lib/release_full/iar.targets.arm.rts/xdc/runtime/knl/Cache.orm3.dep" src="xdc/runtime/knl/Cache.c"/>
        <srcFile name="package/lib/lib/release_full/iar.targets.arm.rts/xdc/runtime/knl/GateThread.orm3.dep" src="xdc/runtime/knl/GateThread.c"/>
        <srcFile name="package/lib/lib/release_full/iar.targets.arm.rts/xdc/runtime/knl/Semaphore.orm3.dep" src="xdc/runtime/knl/Semaphore.c"/>
        <srcFile name="package/lib/lib/release_full/iar.targets.arm.rts/xdc/runtime/knl/SyncNull.orm3.dep" src="xdc/runtime/knl/SyncNull.c"/>
        <srcFile name="package/lib/lib/release_full/iar.targets.arm.rts/xdc/runtime/knl/GateH.orm3.dep" src="xdc/runtime/knl/GateH.c"/>
        <srcFile name="package/lib/lib/release_full/iar.targets.arm.rts/xdc/runtime/knl/SemProcess.orm3.dep" src="xdc/runtime/knl/SemProcess.c"/>
        <srcFile name="package/lib/lib/release_full/iar.targets.arm.rts/xdc/runtime/knl/Sync.orm3.dep" src="xdc/runtime/knl/Sync.c"/>
        <srcFile name="package/lib/lib/release_full/iar.targets.arm.rts/xdc/runtime/knl/SyncSemThread.orm3.dep" src="xdc/runtime/knl/SyncSemThread.c"/>
        <srcFile name="package/lib/lib/release_full/iar.targets.arm.rts/xdc/runtime/knl/GateProcess.orm3.dep" src="xdc/runtime/knl/GateProcess.c"/>
        <srcFile name="package/lib/lib/release_full/iar.targets.arm.rts/xdc/runtime/knl/SemThread.orm3.dep" src="xdc/runtime/knl/SemThread.c"/>
        <srcFile name="package/lib/lib/release_full/iar.targets.arm.rts/xdc/runtime/knl/SyncGeneric.orm3.dep" src="xdc/runtime/knl/SyncGeneric.c"/>
        <srcFile name="package/lib/lib/release_full/iar.targets.arm.rts/xdc/runtime/knl/Thread.orm3.dep" src="xdc/runtime/knl/Thread.c"/>
        <srcFile name="package/lib/lib/release_full/iar.targets.arm.rts/xdc/runtime/knl/CacheSupportNull.orm3.dep" src="xdc/runtime/knl/CacheSupportNull.c"/>
        <srcFile name="package/lib/lib/release_full/iar.targets.arm.rts/xdc/runtime/knl/GateThreadSupportNull.orm3.dep" src="xdc/runtime/knl/GateThreadSupportNull.c"/>
        <srcFile name="package/lib/lib/release_full/iar.targets.arm.rts/xdc/runtime/knl/GateProcessSupportNull.orm3.dep" src="xdc/runtime/knl/GateProcessSupportNull.c"/>
        <srcFile name="lib/release_full/boot.arm3.mak" src="package.bld"/>
        <srcFile name="package/lib/lib/release_full/boot/package/package_iar.targets.arm.rts.orm3.dep" src="package/package_iar.targets.arm.rts.c"/>
        <srcFile name="package/lib/lib/release_full/boot/cstartup_M.orm3.dep" src="cstartup_M.c"/>
        <srcFile name="package/lib/lib/release_full/boot/iar_xdc_init.orm3.dep" src="iar_xdc_init.c"/>
        <srcFile name="package/lib/lib/release_full/boot/cmain.orm3.dep" src="cmain.s"/>
        <srcFile name="package/lib/lib/release_full/boot/boot.orm3.dep" src="boot.s"/>
        <srcFile name="lib/release_full/iar_vectortable.arm3.mak" src="package.bld"/>
        <srcFile name="package/lib/lib/release_full/iar_vectortable/package/package_iar.targets.arm.rts.orm3.dep" src="package/package_iar.targets.arm.rts.c"/>
        <srcFile name="package/lib/lib/release_full/iar_vectortable/VectorTable.orm3.dep" src="VectorTable.c"/>
        <srcFile name="lib/debug/iar.targets.arm.rts.arm4f.mak" src="package.bld"/>
        <srcFile name="package/lib/lib/debug/iar.targets.arm.rts/package/package_iar.targets.arm.rts.orm4f.dep" src="package/package_iar.targets.arm.rts.c"/>
        <srcFile name="package/lib/lib/debug/iar.targets.arm.rts/xdc/runtime/Assert.orm4f.dep" src="xdc/runtime/Assert.c"/>
        <srcFile name="package/lib/lib/debug/iar.targets.arm.rts/xdc/runtime/Core-mem.orm4f.dep" src="xdc/runtime/Core-mem.c"/>
        <srcFile name="package/lib/lib/debug/iar.targets.arm.rts/xdc/runtime/Core-smem.orm4f.dep" src="xdc/runtime/Core-smem.c"/>
        <srcFile name="package/lib/lib/debug/iar.targets.arm.rts/xdc/runtime/Core-label.orm4f.dep" src="xdc/runtime/Core-label.c"/>
        <srcFile name="package/lib/lib/debug/iar.targets.arm.rts/xdc/runtime/Core-params.orm4f.dep" src="xdc/runtime/Core-params.c"/>
        <srcFile name="package/lib/lib/debug/iar.targets.arm.rts/xdc/runtime/Diags.orm4f.dep" src="xdc/runtime/Diags.c"/>
        <srcFile name="package/lib/lib/debug/iar.targets.arm.rts/xdc/runtime/Error.orm4f.dep" src="xdc/runtime/Error.c"/>
        <srcFile name="package/lib/lib/debug/iar.targets.arm.rts/xdc/runtime/Gate.orm4f.dep" src="xdc/runtime/Gate.c"/>
        <srcFile name="package/lib/lib/debug/iar.targets.arm.rts/xdc/runtime/GateNull.orm4f.dep" src="xdc/runtime/GateNull.c"/>
        <srcFile name="package/lib/lib/debug/iar.targets.arm.rts/xdc/runtime/HeapMin.orm4f.dep" src="xdc/runtime/HeapMin.c"/>
        <srcFile name="package/lib/lib/debug/iar.targets.arm.rts/xdc/runtime/HeapStd.orm4f.dep" src="xdc/runtime/HeapStd.c"/>
        <srcFile name="package/lib/lib/debug/iar.targets.arm.rts/xdc/runtime/Log.orm4f.dep" src="xdc/runtime/Log.c"/>
        <srcFile name="package/lib/lib/debug/iar.targets.arm.rts/xdc/runtime/LoggerBuf.orm4f.dep" src="xdc/runtime/LoggerBuf.c"/>
        <srcFile name="package/lib/lib/debug/iar.targets.arm.rts/xdc/runtime/LoggerCallback.orm4f.dep" src="xdc/runtime/LoggerCallback.c"/>
        <srcFile name="package/lib/lib/debug/iar.targets.arm.rts/xdc/runtime/LoggerSys.orm4f.dep" src="xdc/runtime/LoggerSys.c"/>
        <srcFile name="package/lib/lib/debug/iar.targets.arm.rts/xdc/runtime/Memory.orm4f.dep" src="xdc/runtime/Memory.c"/>
        <srcFile name="package/lib/lib/debug/iar.targets.arm.rts/xdc/runtime/Registry.orm4f.dep" src="xdc/runtime/Registry.c"/>
        <srcFile name="package/lib/lib/debug/iar.targets.arm.rts/xdc/runtime/Rta.orm4f.dep" src="xdc/runtime/Rta.c"/>
        <srcFile name="package/lib/lib/debug/iar.targets.arm.rts/xdc/runtime/Startup.orm4f.dep" src="xdc/runtime/Startup.c"/>
        <srcFile name="package/lib/lib/debug/iar.targets.arm.rts/xdc/runtime/System.orm4f.dep" src="xdc/runtime/System.c"/>
        <srcFile name="package/lib/lib/debug/iar.targets.arm.rts/xdc/runtime/SysCallback.orm4f.dep" src="xdc/runtime/SysCallback.c"/>
        <srcFile name="package/lib/lib/debug/iar.targets.arm.rts/xdc/runtime/SysMin.orm4f.dep" src="xdc/runtime/SysMin.c"/>
        <srcFile name="package/lib/lib/debug/iar.targets.arm.rts/xdc/runtime/SysStd.orm4f.dep" src="xdc/runtime/SysStd.c"/>
        <srcFile name="package/lib/lib/debug/iar.targets.arm.rts/xdc/runtime/Text.orm4f.dep" src="xdc/runtime/Text.c"/>
        <srcFile name="package/lib/lib/debug/iar.targets.arm.rts/xdc/runtime/Timestamp.orm4f.dep" src="xdc/runtime/Timestamp.c"/>
        <srcFile name="package/lib/lib/debug/iar.targets.arm.rts/xdc/runtime/TimestampNull.orm4f.dep" src="xdc/runtime/TimestampNull.c"/>
        <srcFile name="package/lib/lib/debug/iar.targets.arm.rts/xdc/runtime/TimestampStd.orm4f.dep" src="xdc/runtime/TimestampStd.c"/>
        <srcFile name="package/lib/lib/debug/iar.targets.arm.rts/xdc/runtime/xdc_init.orm4f.dep" src="xdc/runtime/xdc_init.cpp"/>
        <srcFile name="package/lib/lib/debug/iar.targets.arm.rts/xdc/runtime/knl/Cache.orm4f.dep" src="xdc/runtime/knl/Cache.c"/>
        <srcFile name="package/lib/lib/debug/iar.targets.arm.rts/xdc/runtime/knl/GateThread.orm4f.dep" src="xdc/runtime/knl/GateThread.c"/>
        <srcFile name="package/lib/lib/debug/iar.targets.arm.rts/xdc/runtime/knl/Semaphore.orm4f.dep" src="xdc/runtime/knl/Semaphore.c"/>
        <srcFile name="package/lib/lib/debug/iar.targets.arm.rts/xdc/runtime/knl/SyncNull.orm4f.dep" src="xdc/runtime/knl/SyncNull.c"/>
        <srcFile name="package/lib/lib/debug/iar.targets.arm.rts/xdc/runtime/knl/GateH.orm4f.dep" src="xdc/runtime/knl/GateH.c"/>
        <srcFile name="package/lib/lib/debug/iar.targets.arm.rts/xdc/runtime/knl/SemProcess.orm4f.dep" src="xdc/runtime/knl/SemProcess.c"/>
        <srcFile name="package/lib/lib/debug/iar.targets.arm.rts/xdc/runtime/knl/Sync.orm4f.dep" src="xdc/runtime/knl/Sync.c"/>
        <srcFile name="package/lib/lib/debug/iar.targets.arm.rts/xdc/runtime/knl/SyncSemThread.orm4f.dep" src="xdc/runtime/knl/SyncSemThread.c"/>
        <srcFile name="package/lib/lib/debug/iar.targets.arm.rts/xdc/runtime/knl/GateProcess.orm4f.dep" src="xdc/runtime/knl/GateProcess.c"/>
        <srcFile name="package/lib/lib/debug/iar.targets.arm.rts/xdc/runtime/knl/SemThread.orm4f.dep" src="xdc/runtime/knl/SemThread.c"/>
        <srcFile name="package/lib/lib/debug/iar.targets.arm.rts/xdc/runtime/knl/SyncGeneric.orm4f.dep" src="xdc/runtime/knl/SyncGeneric.c"/>
        <srcFile name="package/lib/lib/debug/iar.targets.arm.rts/xdc/runtime/knl/Thread.orm4f.dep" src="xdc/runtime/knl/Thread.c"/>
        <srcFile name="package/lib/lib/debug/iar.targets.arm.rts/xdc/runtime/knl/CacheSupportNull.orm4f.dep" src="xdc/runtime/knl/CacheSupportNull.c"/>
        <srcFile name="package/lib/lib/debug/iar.targets.arm.rts/xdc/runtime/knl/GateThreadSupportNull.orm4f.dep" src="xdc/runtime/knl/GateThreadSupportNull.c"/>
        <srcFile name="package/lib/lib/debug/iar.targets.arm.rts/xdc/runtime/knl/GateProcessSupportNull.orm4f.dep" src="xdc/runtime/knl/GateProcessSupportNull.c"/>
        <srcFile name="lib/debug/boot.arm4f.mak" src="package.bld"/>
        <srcFile name="package/lib/lib/debug/boot/package/package_iar.targets.arm.rts.orm4f.dep" src="package/package_iar.targets.arm.rts.c"/>
        <srcFile name="package/lib/lib/debug/boot/cstartup_M.orm4f.dep" src="cstartup_M.c"/>
        <srcFile name="package/lib/lib/debug/boot/iar_xdc_init.orm4f.dep" src="iar_xdc_init.c"/>
        <srcFile name="package/lib/lib/debug/boot/cmain.orm4f.dep" src="cmain.s"/>
        <srcFile name="package/lib/lib/debug/boot/boot.orm4f.dep" src="boot.s"/>
        <srcFile name="lib/debug/iar_vectortable.arm4f.mak" src="package.bld"/>
        <srcFile name="package/lib/lib/debug/iar_vectortable/package/package_iar.targets.arm.rts.orm4f.dep" src="package/package_iar.targets.arm.rts.c"/>
        <srcFile name="package/lib/lib/debug/iar_vectortable/VectorTable.orm4f.dep" src="VectorTable.c"/>
        <srcFile name="lib/release/iar.targets.arm.rts.arm4f.mak" src="package.bld"/>
        <srcFile name="package/lib/lib/release/iar.targets.arm.rts/package/package_iar.targets.arm.rts.orm4f.dep" src="package/package_iar.targets.arm.rts.c"/>
        <srcFile name="package/lib/lib/release/iar.targets.arm.rts/xdc/runtime/Assert.orm4f.dep" src="xdc/runtime/Assert.c"/>
        <srcFile name="package/lib/lib/release/iar.targets.arm.rts/xdc/runtime/Core-mem.orm4f.dep" src="xdc/runtime/Core-mem.c"/>
        <srcFile name="package/lib/lib/release/iar.targets.arm.rts/xdc/runtime/Core-smem.orm4f.dep" src="xdc/runtime/Core-smem.c"/>
        <srcFile name="package/lib/lib/release/iar.targets.arm.rts/xdc/runtime/Core-label.orm4f.dep" src="xdc/runtime/Core-label.c"/>
        <srcFile name="package/lib/lib/release/iar.targets.arm.rts/xdc/runtime/Core-params.orm4f.dep" src="xdc/runtime/Core-params.c"/>
        <srcFile name="package/lib/lib/release/iar.targets.arm.rts/xdc/runtime/Diags.orm4f.dep" src="xdc/runtime/Diags.c"/>
        <srcFile name="package/lib/lib/release/iar.targets.arm.rts/xdc/runtime/Error.orm4f.dep" src="xdc/runtime/Error.c"/>
        <srcFile name="package/lib/lib/release/iar.targets.arm.rts/xdc/runtime/Gate.orm4f.dep" src="xdc/runtime/Gate.c"/>
        <srcFile name="package/lib/lib/release/iar.targets.arm.rts/xdc/runtime/GateNull.orm4f.dep" src="xdc/runtime/GateNull.c"/>
        <srcFile name="package/lib/lib/release/iar.targets.arm.rts/xdc/runtime/HeapMin.orm4f.dep" src="xdc/runtime/HeapMin.c"/>
        <srcFile name="package/lib/lib/release/iar.targets.arm.rts/xdc/runtime/HeapStd.orm4f.dep" src="xdc/runtime/HeapStd.c"/>
        <srcFile name="package/lib/lib/release/iar.targets.arm.rts/xdc/runtime/Log.orm4f.dep" src="xdc/runtime/Log.c"/>
        <srcFile name="package/lib/lib/release/iar.targets.arm.rts/xdc/runtime/LoggerBuf.orm4f.dep" src="xdc/runtime/LoggerBuf.c"/>
        <srcFile name="package/lib/lib/release/iar.targets.arm.rts/xdc/runtime/LoggerCallback.orm4f.dep" src="xdc/runtime/LoggerCallback.c"/>
        <srcFile name="package/lib/lib/release/iar.targets.arm.rts/xdc/runtime/LoggerSys.orm4f.dep" src="xdc/runtime/LoggerSys.c"/>
        <srcFile name="package/lib/lib/release/iar.targets.arm.rts/xdc/runtime/Memory.orm4f.dep" src="xdc/runtime/Memory.c"/>
        <srcFile name="package/lib/lib/release/iar.targets.arm.rts/xdc/runtime/Registry.orm4f.dep" src="xdc/runtime/Registry.c"/>
        <srcFile name="package/lib/lib/release/iar.targets.arm.rts/xdc/runtime/Rta.orm4f.dep" src="xdc/runtime/Rta.c"/>
        <srcFile name="package/lib/lib/release/iar.targets.arm.rts/xdc/runtime/Startup.orm4f.dep" src="xdc/runtime/Startup.c"/>
        <srcFile name="package/lib/lib/release/iar.targets.arm.rts/xdc/runtime/System.orm4f.dep" src="xdc/runtime/System.c"/>
        <srcFile name="package/lib/lib/release/iar.targets.arm.rts/xdc/runtime/SysCallback.orm4f.dep" src="xdc/runtime/SysCallback.c"/>
        <srcFile name="package/lib/lib/release/iar.targets.arm.rts/xdc/runtime/SysMin.orm4f.dep" src="xdc/runtime/SysMin.c"/>
        <srcFile name="package/lib/lib/release/iar.targets.arm.rts/xdc/runtime/SysStd.orm4f.dep" src="xdc/runtime/SysStd.c"/>
        <srcFile name="package/lib/lib/release/iar.targets.arm.rts/xdc/runtime/Text.orm4f.dep" src="xdc/runtime/Text.c"/>
        <srcFile name="package/lib/lib/release/iar.targets.arm.rts/xdc/runtime/Timestamp.orm4f.dep" src="xdc/runtime/Timestamp.c"/>
        <srcFile name="package/lib/lib/release/iar.targets.arm.rts/xdc/runtime/TimestampNull.orm4f.dep" src="xdc/runtime/TimestampNull.c"/>
        <srcFile name="package/lib/lib/release/iar.targets.arm.rts/xdc/runtime/TimestampStd.orm4f.dep" src="xdc/runtime/TimestampStd.c"/>
        <srcFile name="package/lib/lib/release/iar.targets.arm.rts/xdc/runtime/xdc_init.orm4f.dep" src="xdc/runtime/xdc_init.cpp"/>
        <srcFile name="package/lib/lib/release/iar.targets.arm.rts/xdc/runtime/knl/Cache.orm4f.dep" src="xdc/runtime/knl/Cache.c"/>
        <srcFile name="package/lib/lib/release/iar.targets.arm.rts/xdc/runtime/knl/GateThread.orm4f.dep" src="xdc/runtime/knl/GateThread.c"/>
        <srcFile name="package/lib/lib/release/iar.targets.arm.rts/xdc/runtime/knl/Semaphore.orm4f.dep" src="xdc/runtime/knl/Semaphore.c"/>
        <srcFile name="package/lib/lib/release/iar.targets.arm.rts/xdc/runtime/knl/SyncNull.orm4f.dep" src="xdc/runtime/knl/SyncNull.c"/>
        <srcFile name="package/lib/lib/release/iar.targets.arm.rts/xdc/runtime/knl/GateH.orm4f.dep" src="xdc/runtime/knl/GateH.c"/>
        <srcFile name="package/lib/lib/release/iar.targets.arm.rts/xdc/runtime/knl/SemProcess.orm4f.dep" src="xdc/runtime/knl/SemProcess.c"/>
        <srcFile name="package/lib/lib/release/iar.targets.arm.rts/xdc/runtime/knl/Sync.orm4f.dep" src="xdc/runtime/knl/Sync.c"/>
        <srcFile name="package/lib/lib/release/iar.targets.arm.rts/xdc/runtime/knl/SyncSemThread.orm4f.dep" src="xdc/runtime/knl/SyncSemThread.c"/>
        <srcFile name="package/lib/lib/release/iar.targets.arm.rts/xdc/runtime/knl/GateProcess.orm4f.dep" src="xdc/runtime/knl/GateProcess.c"/>
        <srcFile name="package/lib/lib/release/iar.targets.arm.rts/xdc/runtime/knl/SemThread.orm4f.dep" src="xdc/runtime/knl/SemThread.c"/>
        <srcFile name="package/lib/lib/release/iar.targets.arm.rts/xdc/runtime/knl/SyncGeneric.orm4f.dep" src="xdc/runtime/knl/SyncGeneric.c"/>
        <srcFile name="package/lib/lib/release/iar.targets.arm.rts/xdc/runtime/knl/Thread.orm4f.dep" src="xdc/runtime/knl/Thread.c"/>
        <srcFile name="package/lib/lib/release/iar.targets.arm.rts/xdc/runtime/knl/CacheSupportNull.orm4f.dep" src="xdc/runtime/knl/CacheSupportNull.c"/>
        <srcFile name="package/lib/lib/release/iar.targets.arm.rts/xdc/runtime/knl/GateThreadSupportNull.orm4f.dep" src="xdc/runtime/knl/GateThreadSupportNull.c"/>
        <srcFile name="package/lib/lib/release/iar.targets.arm.rts/xdc/runtime/knl/GateProcessSupportNull.orm4f.dep" src="xdc/runtime/knl/GateProcessSupportNull.c"/>
        <srcFile name="lib/release/boot.arm4f.mak" src="package.bld"/>
        <srcFile name="package/lib/lib/release/boot/package/package_iar.targets.arm.rts.orm4f.dep" src="package/package_iar.targets.arm.rts.c"/>
        <srcFile name="package/lib/lib/release/boot/cstartup_M.orm4f.dep" src="cstartup_M.c"/>
        <srcFile name="package/lib/lib/release/boot/iar_xdc_init.orm4f.dep" src="iar_xdc_init.c"/>
        <srcFile name="package/lib/lib/release/boot/cmain.orm4f.dep" src="cmain.s"/>
        <srcFile name="package/lib/lib/release/boot/boot.orm4f.dep" src="boot.s"/>
        <srcFile name="lib/release/iar_vectortable.arm4f.mak" src="package.bld"/>
        <srcFile name="package/lib/lib/release/iar_vectortable/package/package_iar.targets.arm.rts.orm4f.dep" src="package/package_iar.targets.arm.rts.c"/>
        <srcFile name="package/lib/lib/release/iar_vectortable/VectorTable.orm4f.dep" src="VectorTable.c"/>
        <srcFile name="lib/debug_full/iar.targets.arm.rts.arm4f.mak" src="package.bld"/>
        <srcFile name="package/lib/lib/debug_full/iar.targets.arm.rts/package/package_iar.targets.arm.rts.orm4f.dep" src="package/package_iar.targets.arm.rts.c"/>
        <srcFile name="package/lib/lib/debug_full/iar.targets.arm.rts/xdc/runtime/Assert.orm4f.dep" src="xdc/runtime/Assert.c"/>
        <srcFile name="package/lib/lib/debug_full/iar.targets.arm.rts/xdc/runtime/Core-mem.orm4f.dep" src="xdc/runtime/Core-mem.c"/>
        <srcFile name="package/lib/lib/debug_full/iar.targets.arm.rts/xdc/runtime/Core-smem.orm4f.dep" src="xdc/runtime/Core-smem.c"/>
        <srcFile name="package/lib/lib/debug_full/iar.targets.arm.rts/xdc/runtime/Core-label.orm4f.dep" src="xdc/runtime/Core-label.c"/>
        <srcFile name="package/lib/lib/debug_full/iar.targets.arm.rts/xdc/runtime/Core-params.orm4f.dep" src="xdc/runtime/Core-params.c"/>
        <srcFile name="package/lib/lib/debug_full/iar.targets.arm.rts/xdc/runtime/Diags.orm4f.dep" src="xdc/runtime/Diags.c"/>
        <srcFile name="package/lib/lib/debug_full/iar.targets.arm.rts/xdc/runtime/Error.orm4f.dep" src="xdc/runtime/Error.c"/>
        <srcFile name="package/lib/lib/debug_full/iar.targets.arm.rts/xdc/runtime/Gate.orm4f.dep" src="xdc/runtime/Gate.c"/>
        <srcFile name="package/lib/lib/debug_full/iar.targets.arm.rts/xdc/runtime/GateNull.orm4f.dep" src="xdc/runtime/GateNull.c"/>
        <srcFile name="package/lib/lib/debug_full/iar.targets.arm.rts/xdc/runtime/HeapMin.orm4f.dep" src="xdc/runtime/HeapMin.c"/>
        <srcFile name="package/lib/lib/debug_full/iar.targets.arm.rts/xdc/runtime/HeapStd.orm4f.dep" src="xdc/runtime/HeapStd.c"/>
        <srcFile name="package/lib/lib/debug_full/iar.targets.arm.rts/xdc/runtime/Log.orm4f.dep" src="xdc/runtime/Log.c"/>
        <srcFile name="package/lib/lib/debug_full/iar.targets.arm.rts/xdc/runtime/LoggerBuf.orm4f.dep" src="xdc/runtime/LoggerBuf.c"/>
        <srcFile name="package/lib/lib/debug_full/iar.targets.arm.rts/xdc/runtime/LoggerCallback.orm4f.dep" src="xdc/runtime/LoggerCallback.c"/>
        <srcFile name="package/lib/lib/debug_full/iar.targets.arm.rts/xdc/runtime/LoggerSys.orm4f.dep" src="xdc/runtime/LoggerSys.c"/>
        <srcFile name="package/lib/lib/debug_full/iar.targets.arm.rts/xdc/runtime/Memory.orm4f.dep" src="xdc/runtime/Memory.c"/>
        <srcFile name="package/lib/lib/debug_full/iar.targets.arm.rts/xdc/runtime/Registry.orm4f.dep" src="xdc/runtime/Registry.c"/>
        <srcFile name="package/lib/lib/debug_full/iar.targets.arm.rts/xdc/runtime/Rta.orm4f.dep" src="xdc/runtime/Rta.c"/>
        <srcFile name="package/lib/lib/debug_full/iar.targets.arm.rts/xdc/runtime/Startup.orm4f.dep" src="xdc/runtime/Startup.c"/>
        <srcFile name="package/lib/lib/debug_full/iar.targets.arm.rts/xdc/runtime/System.orm4f.dep" src="xdc/runtime/System.c"/>
        <srcFile name="package/lib/lib/debug_full/iar.targets.arm.rts/xdc/runtime/SysCallback.orm4f.dep" src="xdc/runtime/SysCallback.c"/>
        <srcFile name="package/lib/lib/debug_full/iar.targets.arm.rts/xdc/runtime/SysMin.orm4f.dep" src="xdc/runtime/SysMin.c"/>
        <srcFile name="package/lib/lib/debug_full/iar.targets.arm.rts/xdc/runtime/SysStd.orm4f.dep" src="xdc/runtime/SysStd.c"/>
        <srcFile name="package/lib/lib/debug_full/iar.targets.arm.rts/xdc/runtime/Text.orm4f.dep" src="xdc/runtime/Text.c"/>
        <srcFile name="package/lib/lib/debug_full/iar.targets.arm.rts/xdc/runtime/Timestamp.orm4f.dep" src="xdc/runtime/Timestamp.c"/>
        <srcFile name="package/lib/lib/debug_full/iar.targets.arm.rts/xdc/runtime/TimestampNull.orm4f.dep" src="xdc/runtime/TimestampNull.c"/>
        <srcFile name="package/lib/lib/debug_full/iar.targets.arm.rts/xdc/runtime/TimestampStd.orm4f.dep" src="xdc/runtime/TimestampStd.c"/>
        <srcFile name="package/lib/lib/debug_full/iar.targets.arm.rts/xdc/runtime/xdc_init.orm4f.dep" src="xdc/runtime/xdc_init.cpp"/>
        <srcFile name="package/lib/lib/debug_full/iar.targets.arm.rts/xdc/runtime/knl/Cache.orm4f.dep" src="xdc/runtime/knl/Cache.c"/>
        <srcFile name="package/lib/lib/debug_full/iar.targets.arm.rts/xdc/runtime/knl/GateThread.orm4f.dep" src="xdc/runtime/knl/GateThread.c"/>
        <srcFile name="package/lib/lib/debug_full/iar.targets.arm.rts/xdc/runtime/knl/Semaphore.orm4f.dep" src="xdc/runtime/knl/Semaphore.c"/>
        <srcFile name="package/lib/lib/debug_full/iar.targets.arm.rts/xdc/runtime/knl/SyncNull.orm4f.dep" src="xdc/runtime/knl/SyncNull.c"/>
        <srcFile name="package/lib/lib/debug_full/iar.targets.arm.rts/xdc/runtime/knl/GateH.orm4f.dep" src="xdc/runtime/knl/GateH.c"/>
        <srcFile name="package/lib/lib/debug_full/iar.targets.arm.rts/xdc/runtime/knl/SemProcess.orm4f.dep" src="xdc/runtime/knl/SemProcess.c"/>
        <srcFile name="package/lib/lib/debug_full/iar.targets.arm.rts/xdc/runtime/knl/Sync.orm4f.dep" src="xdc/runtime/knl/Sync.c"/>
        <srcFile name="package/lib/lib/debug_full/iar.targets.arm.rts/xdc/runtime/knl/SyncSemThread.orm4f.dep" src="xdc/runtime/knl/SyncSemThread.c"/>
        <srcFile name="package/lib/lib/debug_full/iar.targets.arm.rts/xdc/runtime/knl/GateProcess.orm4f.dep" src="xdc/runtime/knl/GateProcess.c"/>
        <srcFile name="package/lib/lib/debug_full/iar.targets.arm.rts/xdc/runtime/knl/SemThread.orm4f.dep" src="xdc/runtime/knl/SemThread.c"/>
        <srcFile name="package/lib/lib/debug_full/iar.targets.arm.rts/xdc/runtime/knl/SyncGeneric.orm4f.dep" src="xdc/runtime/knl/SyncGeneric.c"/>
        <srcFile name="package/lib/lib/debug_full/iar.targets.arm.rts/xdc/runtime/knl/Thread.orm4f.dep" src="xdc/runtime/knl/Thread.c"/>
        <srcFile name="package/lib/lib/debug_full/iar.targets.arm.rts/xdc/runtime/knl/CacheSupportNull.orm4f.dep" src="xdc/runtime/knl/CacheSupportNull.c"/>
        <srcFile name="package/lib/lib/debug_full/iar.targets.arm.rts/xdc/runtime/knl/GateThreadSupportNull.orm4f.dep" src="xdc/runtime/knl/GateThreadSupportNull.c"/>
        <srcFile name="package/lib/lib/debug_full/iar.targets.arm.rts/xdc/runtime/knl/GateProcessSupportNull.orm4f.dep" src="xdc/runtime/knl/GateProcessSupportNull.c"/>
        <srcFile name="lib/debug_full/boot.arm4f.mak" src="package.bld"/>
        <srcFile name="package/lib/lib/debug_full/boot/package/package_iar.targets.arm.rts.orm4f.dep" src="package/package_iar.targets.arm.rts.c"/>
        <srcFile name="package/lib/lib/debug_full/boot/cstartup_M.orm4f.dep" src="cstartup_M.c"/>
        <srcFile name="package/lib/lib/debug_full/boot/iar_xdc_init.orm4f.dep" src="iar_xdc_init.c"/>
        <srcFile name="package/lib/lib/debug_full/boot/cmain.orm4f.dep" src="cmain.s"/>
        <srcFile name="package/lib/lib/debug_full/boot/boot.orm4f.dep" src="boot.s"/>
        <srcFile name="lib/debug_full/iar_vectortable.arm4f.mak" src="package.bld"/>
        <srcFile name="package/lib/lib/debug_full/iar_vectortable/package/package_iar.targets.arm.rts.orm4f.dep" src="package/package_iar.targets.arm.rts.c"/>
        <srcFile name="package/lib/lib/debug_full/iar_vectortable/VectorTable.orm4f.dep" src="VectorTable.c"/>
        <srcFile name="lib/release_full/iar.targets.arm.rts.arm4f.mak" src="package.bld"/>
        <srcFile name="package/lib/lib/release_full/iar.targets.arm.rts/package/package_iar.targets.arm.rts.orm4f.dep" src="package/package_iar.targets.arm.rts.c"/>
        <srcFile name="package/lib/lib/release_full/iar.targets.arm.rts/xdc/runtime/Assert.orm4f.dep" src="xdc/runtime/Assert.c"/>
        <srcFile name="package/lib/lib/release_full/iar.targets.arm.rts/xdc/runtime/Core-mem.orm4f.dep" src="xdc/runtime/Core-mem.c"/>
        <srcFile name="package/lib/lib/release_full/iar.targets.arm.rts/xdc/runtime/Core-smem.orm4f.dep" src="xdc/runtime/Core-smem.c"/>
        <srcFile name="package/lib/lib/release_full/iar.targets.arm.rts/xdc/runtime/Core-label.orm4f.dep" src="xdc/runtime/Core-label.c"/>
        <srcFile name="package/lib/lib/release_full/iar.targets.arm.rts/xdc/runtime/Core-params.orm4f.dep" src="xdc/runtime/Core-params.c"/>
        <srcFile name="package/lib/lib/release_full/iar.targets.arm.rts/xdc/runtime/Diags.orm4f.dep" src="xdc/runtime/Diags.c"/>
        <srcFile name="package/lib/lib/release_full/iar.targets.arm.rts/xdc/runtime/Error.orm4f.dep" src="xdc/runtime/Error.c"/>
        <srcFile name="package/lib/lib/release_full/iar.targets.arm.rts/xdc/runtime/Gate.orm4f.dep" src="xdc/runtime/Gate.c"/>
        <srcFile name="package/lib/lib/release_full/iar.targets.arm.rts/xdc/runtime/GateNull.orm4f.dep" src="xdc/runtime/GateNull.c"/>
        <srcFile name="package/lib/lib/release_full/iar.targets.arm.rts/xdc/runtime/HeapMin.orm4f.dep" src="xdc/runtime/HeapMin.c"/>
        <srcFile name="package/lib/lib/release_full/iar.targets.arm.rts/xdc/runtime/HeapStd.orm4f.dep" src="xdc/runtime/HeapStd.c"/>
        <srcFile name="package/lib/lib/release_full/iar.targets.arm.rts/xdc/runtime/Log.orm4f.dep" src="xdc/runtime/Log.c"/>
        <srcFile name="package/lib/lib/release_full/iar.targets.arm.rts/xdc/runtime/LoggerBuf.orm4f.dep" src="xdc/runtime/LoggerBuf.c"/>
        <srcFile name="package/lib/lib/release_full/iar.targets.arm.rts/xdc/runtime/LoggerCallback.orm4f.dep" src="xdc/runtime/LoggerCallback.c"/>
        <srcFile name="package/lib/lib/release_full/iar.targets.arm.rts/xdc/runtime/LoggerSys.orm4f.dep" src="xdc/runtime/LoggerSys.c"/>
        <srcFile name="package/lib/lib/release_full/iar.targets.arm.rts/xdc/runtime/Memory.orm4f.dep" src="xdc/runtime/Memory.c"/>
        <srcFile name="package/lib/lib/release_full/iar.targets.arm.rts/xdc/runtime/Registry.orm4f.dep" src="xdc/runtime/Registry.c"/>
        <srcFile name="package/lib/lib/release_full/iar.targets.arm.rts/xdc/runtime/Rta.orm4f.dep" src="xdc/runtime/Rta.c"/>
        <srcFile name="package/lib/lib/release_full/iar.targets.arm.rts/xdc/runtime/Startup.orm4f.dep" src="xdc/runtime/Startup.c"/>
        <srcFile name="package/lib/lib/release_full/iar.targets.arm.rts/xdc/runtime/System.orm4f.dep" src="xdc/runtime/System.c"/>
        <srcFile name="package/lib/lib/release_full/iar.targets.arm.rts/xdc/runtime/SysCallback.orm4f.dep" src="xdc/runtime/SysCallback.c"/>
        <srcFile name="package/lib/lib/release_full/iar.targets.arm.rts/xdc/runtime/SysMin.orm4f.dep" src="xdc/runtime/SysMin.c"/>
        <srcFile name="package/lib/lib/release_full/iar.targets.arm.rts/xdc/runtime/SysStd.orm4f.dep" src="xdc/runtime/SysStd.c"/>
        <srcFile name="package/lib/lib/release_full/iar.targets.arm.rts/xdc/runtime/Text.orm4f.dep" src="xdc/runtime/Text.c"/>
        <srcFile name="package/lib/lib/release_full/iar.targets.arm.rts/xdc/runtime/Timestamp.orm4f.dep" src="xdc/runtime/Timestamp.c"/>
        <srcFile name="package/lib/lib/release_full/iar.targets.arm.rts/xdc/runtime/TimestampNull.orm4f.dep" src="xdc/runtime/TimestampNull.c"/>
        <srcFile name="package/lib/lib/release_full/iar.targets.arm.rts/xdc/runtime/TimestampStd.orm4f.dep" src="xdc/runtime/TimestampStd.c"/>
        <srcFile name="package/lib/lib/release_full/iar.targets.arm.rts/xdc/runtime/xdc_init.orm4f.dep" src="xdc/runtime/xdc_init.cpp"/>
        <srcFile name="package/lib/lib/release_full/iar.targets.arm.rts/xdc/runtime/knl/Cache.orm4f.dep" src="xdc/runtime/knl/Cache.c"/>
        <srcFile name="package/lib/lib/release_full/iar.targets.arm.rts/xdc/runtime/knl/GateThread.orm4f.dep" src="xdc/runtime/knl/GateThread.c"/>
        <srcFile name="package/lib/lib/release_full/iar.targets.arm.rts/xdc/runtime/knl/Semaphore.orm4f.dep" src="xdc/runtime/knl/Semaphore.c"/>
        <srcFile name="package/lib/lib/release_full/iar.targets.arm.rts/xdc/runtime/knl/SyncNull.orm4f.dep" src="xdc/runtime/knl/SyncNull.c"/>
        <srcFile name="package/lib/lib/release_full/iar.targets.arm.rts/xdc/runtime/knl/GateH.orm4f.dep" src="xdc/runtime/knl/GateH.c"/>
        <srcFile name="package/lib/lib/release_full/iar.targets.arm.rts/xdc/runtime/knl/SemProcess.orm4f.dep" src="xdc/runtime/knl/SemProcess.c"/>
        <srcFile name="package/lib/lib/release_full/iar.targets.arm.rts/xdc/runtime/knl/Sync.orm4f.dep" src="xdc/runtime/knl/Sync.c"/>
        <srcFile name="package/lib/lib/release_full/iar.targets.arm.rts/xdc/runtime/knl/SyncSemThread.orm4f.dep" src="xdc/runtime/knl/SyncSemThread.c"/>
        <srcFile name="package/lib/lib/release_full/iar.targets.arm.rts/xdc/runtime/knl/GateProcess.orm4f.dep" src="xdc/runtime/knl/GateProcess.c"/>
        <srcFile name="package/lib/lib/release_full/iar.targets.arm.rts/xdc/runtime/knl/SemThread.orm4f.dep" src="xdc/runtime/knl/SemThread.c"/>
        <srcFile name="package/lib/lib/release_full/iar.targets.arm.rts/xdc/runtime/knl/SyncGeneric.orm4f.dep" src="xdc/runtime/knl/SyncGeneric.c"/>
        <srcFile name="package/lib/lib/release_full/iar.targets.arm.rts/xdc/runtime/knl/Thread.orm4f.dep" src="xdc/runtime/knl/Thread.c"/>
        <srcFile name="package/lib/lib/release_full/iar.targets.arm.rts/xdc/runtime/knl/CacheSupportNull.orm4f.dep" src="xdc/runtime/knl/CacheSupportNull.c"/>
        <srcFile name="package/lib/lib/release_full/iar.targets.arm.rts/xdc/runtime/knl/GateThreadSupportNull.orm4f.dep" src="xdc/runtime/knl/GateThreadSupportNull.c"/>
        <srcFile name="package/lib/lib/release_full/iar.targets.arm.rts/xdc/runtime/knl/GateProcessSupportNull.orm4f.dep" src="xdc/runtime/knl/GateProcessSupportNull.c"/>
        <srcFile name="lib/release_full/boot.arm4f.mak" src="package.bld"/>
        <srcFile name="package/lib/lib/release_full/boot/package/package_iar.targets.arm.rts.orm4f.dep" src="package/package_iar.targets.arm.rts.c"/>
        <srcFile name="package/lib/lib/release_full/boot/cstartup_M.orm4f.dep" src="cstartup_M.c"/>
        <srcFile name="package/lib/lib/release_full/boot/iar_xdc_init.orm4f.dep" src="iar_xdc_init.c"/>
        <srcFile name="package/lib/lib/release_full/boot/cmain.orm4f.dep" src="cmain.s"/>
        <srcFile name="package/lib/lib/release_full/boot/boot.orm4f.dep" src="boot.s"/>
        <srcFile name="lib/release_full/iar_vectortable.arm4f.mak" src="package.bld"/>
        <srcFile name="package/lib/lib/release_full/iar_vectortable/package/package_iar.targets.arm.rts.orm4f.dep" src="package/package_iar.targets.arm.rts.c"/>
        <srcFile name="package/lib/lib/release_full/iar_vectortable/VectorTable.orm4f.dep" src="VectorTable.c"/>
        <srcFile name="package/rel/iar_targets_arm_rts.tar.dep" src="package/rel/iar_targets_arm_rts.xdc.inc"/>
    </makefiles>
    <targets>
        <target name="iar.targets.arm.M3"
            version="iar.targets.arm.M3{1,0,8.11,1"
            rawVersion="8.11.1.47"
            platform="ti.platforms.tiva:TM4C1294NCPDT:1"
            isa="v7M"
            suffix="rm3"
            rootDir="/db/vendors/iar/arm/8.11.1.47/Linux"
            os="undefined"
            rts="iar.targets.arm.rts">
            <model endian="little"
                codeModel="thumb2"
                dataModel="undefined"/>
        </target>
        <target name="iar.targets.arm.M4F"
            version="iar.targets.arm.M4F{1,0,8.11,1"
            rawVersion="8.11.1.47"
            platform="ti.platforms.tiva:TM4C1294NCPDT:1"
            isa="v7M4"
            suffix="rm4f"
            rootDir="/db/vendors/iar/arm/8.11.1.47/Linux"
            os="undefined"
            rts="iar.targets.arm.rts">
            <model endian="little"
                codeModel="thumb2"
                dataModel="undefined"/>
        </target>
    </targets>
    <libraries>
    <library name="lib/debug/iar.targets.arm.rts"
        pname="lib/debug/iar.targets.arm.rts.arm3"
        profile="debug"
        target="iar.targets.arm.M3"/>
    <library name="lib/debug/boot"
        pname="lib/debug/boot.arm3"
        profile="debug"
        target="iar.targets.arm.M3"/>
    <library name="lib/debug/iar_vectortable"
        pname="lib/debug/iar_vectortable.arm3"
        profile="debug"
        target="iar.targets.arm.M3"/>
    <library name="lib/release/iar.targets.arm.rts"
        pname="lib/release/iar.targets.arm.rts.arm3"
        profile="release"
        target="iar.targets.arm.M3"/>
    <library name="lib/release/boot"
        pname="lib/release/boot.arm3"
        profile="release"
        target="iar.targets.arm.M3"/>
    <library name="lib/release/iar_vectortable"
        pname="lib/release/iar_vectortable.arm3"
        profile="release"
        target="iar.targets.arm.M3"/>
    <library name="lib/debug_full/iar.targets.arm.rts"
        pname="lib/debug_full/iar.targets.arm.rts.arm3"
        profile="debug_full"
        target="iar.targets.arm.M3"/>
    <library name="lib/debug_full/boot"
        pname="lib/debug_full/boot.arm3"
        profile="debug_full"
        target="iar.targets.arm.M3"/>
    <library name="lib/debug_full/iar_vectortable"
        pname="lib/debug_full/iar_vectortable.arm3"
        profile="debug_full"
        target="iar.targets.arm.M3"/>
    <library name="lib/release_full/iar.targets.arm.rts"
        pname="lib/release_full/iar.targets.arm.rts.arm3"
        profile="release_full"
        target="iar.targets.arm.M3"/>
    <library name="lib/release_full/boot"
        pname="lib/release_full/boot.arm3"
        profile="release_full"
        target="iar.targets.arm.M3"/>
    <library name="lib/release_full/iar_vectortable"
        pname="lib/release_full/iar_vectortable.arm3"
        profile="release_full"
        target="iar.targets.arm.M3"/>
    <library name="lib/debug/iar.targets.arm.rts"
        pname="lib/debug/iar.targets.arm.rts.arm4f"
        profile="debug"
        target="iar.targets.arm.M4F"/>
    <library name="lib/debug/boot"
        pname="lib/debug/boot.arm4f"
        profile="debug"
        target="iar.targets.arm.M4F"/>
    <library name="lib/debug/iar_vectortable"
        pname="lib/debug/iar_vectortable.arm4f"
        profile="debug"
        target="iar.targets.arm.M4F"/>
    <library name="lib/release/iar.targets.arm.rts"
        pname="lib/release/iar.targets.arm.rts.arm4f"
        profile="release"
        target="iar.targets.arm.M4F"/>
    <library name="lib/release/boot"
        pname="lib/release/boot.arm4f"
        profile="release"
        target="iar.targets.arm.M4F"/>
    <library name="lib/release/iar_vectortable"
        pname="lib/release/iar_vectortable.arm4f"
        profile="release"
        target="iar.targets.arm.M4F"/>
    <library name="lib/debug_full/iar.targets.arm.rts"
        pname="lib/debug_full/iar.targets.arm.rts.arm4f"
        profile="debug_full"
        target="iar.targets.arm.M4F"/>
    <library name="lib/debug_full/boot"
        pname="lib/debug_full/boot.arm4f"
        profile="debug_full"
        target="iar.targets.arm.M4F"/>
    <library name="lib/debug_full/iar_vectortable"
        pname="lib/debug_full/iar_vectortable.arm4f"
        profile="debug_full"
        target="iar.targets.arm.M4F"/>
    <library name="lib/release_full/iar.targets.arm.rts"
        pname="lib/release_full/iar.targets.arm.rts.arm4f"
        profile="release_full"
        target="iar.targets.arm.M4F"/>
    <library name="lib/release_full/boot"
        pname="lib/release_full/boot.arm4f"
        profile="release_full"
        target="iar.targets.arm.M4F"/>
    <library name="lib/release_full/iar_vectortable"
        pname="lib/release_full/iar_vectortable.arm4f"
        profile="release_full"
        target="iar.targets.arm.M4F"/>
    </libraries>
    <configurations>
    </configurations>
    <executables>
    </executables>
    <tests>
    </tests>
    <releases relDir="package/rel/">
    <release name="iar_targets_arm_rts"
        pname="iar_targets_arm_rts.tar"
        label="default"
    >
        <file name="package/package.bld.xml"/>
        <file name="package/build.cfg"/>
        <file name="package/package.xdc.inc"/>
        <file name="package.bld"/>
        <file name="linkcmd.xdt"/>
        <file name="package/package.cfg.xdc.inc"/>
        <file name="lib/debug/iar.targets.arm.rts.arm3"/>
        <file name="lib/debug/boot.arm3"/>
        <file name="lib/debug/iar_vectortable.arm3"/>
        <file name="lib/release/iar.targets.arm.rts.arm3"/>
        <file name="lib/release/boot.arm3"/>
        <file name="lib/release/iar_vectortable.arm3"/>
        <file name="lib/debug_full/iar.targets.arm.rts.arm3"/>
        <file name="lib/debug_full/boot.arm3"/>
        <file name="lib/debug_full/iar_vectortable.arm3"/>
        <file name="lib/release_full/iar.targets.arm.rts.arm3"/>
        <file name="lib/release_full/boot.arm3"/>
        <file name="lib/release_full/iar_vectortable.arm3"/>
        <file name="lib/debug/iar.targets.arm.rts.arm4f"/>
        <file name="lib/debug/boot.arm4f"/>
        <file name="lib/debug/iar_vectortable.arm4f"/>
        <file name="lib/release/iar.targets.arm.rts.arm4f"/>
        <file name="lib/release/boot.arm4f"/>
        <file name="lib/release/iar_vectortable.arm4f"/>
        <file name="lib/debug_full/iar.targets.arm.rts.arm4f"/>
        <file name="lib/debug_full/boot.arm4f"/>
        <file name="lib/debug_full/iar_vectortable.arm4f"/>
        <file name="lib/release_full/iar.targets.arm.rts.arm4f"/>
        <file name="lib/release_full/boot.arm4f"/>
        <file name="lib/release_full/iar_vectortable.arm4f"/>
    </release>
    </releases>
    <repositories>
    </repositories>
</package>
