<?xml version="1.0" encoding="UTF-8"?>
<!--  This file conforms to the DTD xdc/bld/build.dtd -->
<package name="gnu.targets" version="1, 0, 1" producerId="undefined">
    <units>
        <interface name="ITarget"/>
        <module name="Linux86"/>
        <module name="Linux86_64"/>
        <module name="Mingw"/>
        <module name="MacOS86_64"/>
    </units>
    <sources>
        <srcFile name="linkcmd.xdt"/>
        <srcFile name="linkUtils.xs"/>
    </sources>
    <configscripts>
    </configscripts>
    <makefiles>
        <srcFile name="package.mak" src="package.bld"/>
        <srcFile name="package/package.xdc.dep" src="package.xdc"/>
        <srcFile name="package/package.cfg.dep" src="package.xdc"/>
        <srcFile name="package/rel/gnu_targets.tar.dep" src="package/rel/gnu_targets.xdc.inc"/>
    </makefiles>
    <targets>
    </targets>
    <libraries>
    </libraries>
    <configurations>
    </configurations>
    <executables>
    </executables>
    <tests>
    </tests>
    <releases relDir="package/rel/">
    <release name="gnu_targets"
        pname="gnu_targets.tar"
        label="default"
    >
        <file name="package/package.bld.xml"/>
        <file name="package/build.cfg"/>
        <file name="package/package.xdc.inc"/>
        <file name="runh"/>
        <file name="linkcmd.xdt"/>
        <file name="linkUtils.xs"/>
        <file name="std.h"/>
        <file name="_utils.xs"/>
        <file name="package/package.cfg.xdc.inc"/>
    </release>
    </releases>
    <repositories>
    </repositories>
</package>
